{"cameraMode":{"drawMode":0,"name":"Shaded","section":"Shading Mode"},"sceneLighting":true,"audioPlay":false,"sceneViewState":{"m_AlwaysRefresh":false,"showFog":true,"showSkybox":true,"showFlares":true,"showImageEffects":true,"showParticleSystems":true,"showVisualEffectGraphs":true,"m_FxEnabled":true},"in2DMode":false,"pivot":{"x":-1.8790149688720704,"y":2.292407989501953,"z":5.430852890014648},"rotation":{"x":0.137796089053154,"y":0.32339414954185488,"z":-0.047661036252975467,"w":0.9349875450134277},"size":14.487953186035157,"orthographic":false}