{"cameraMode":{"drawMode":0,"name":"Shaded","section":"Shading Mode"},"sceneLighting":true,"audioPlay":false,"sceneViewState":{"m_AlwaysRefresh":false,"showFog":true,"showSkybox":true,"showFlares":true,"showImageEffects":true,"showParticleSystems":true,"showVisualEffectGraphs":true,"m_FxEnabled":true},"in2DMode":false,"pivot":{"x":-6.63471794128418,"y":1.5906951427459717,"z":-6.833097457885742},"rotation":{"x":0.17975474894046784,"y":0.34846001863479617,"z":-0.06832503527402878,"w":0.9174287915229797},"size":1.8327840566635132,"orthographic":true}