{"cameraMode":{"drawMode":0,"name":"Shaded","section":"Shading Mode"},"sceneLighting":true,"audioPlay":false,"sceneViewState":{"m_AlwaysRefresh":false,"showFog":true,"showSkybox":true,"showFlares":true,"showImageEffects":true,"showParticleSystems":true,"showVisualEffectGraphs":true,"m_FxEnabled":true},"in2DMode":false,"pivot":{"x":12.425278663635254,"y":12.733397483825684,"z":-2.7918267250061037},"rotation":{"x":0.3165319859981537,"y":0.04835188388824463,"z":-0.016153352335095407,"w":0.9472288489341736},"size":21.494781494140626,"orthographic":true}